ax_mean,ax_std,ax_min,ax_max,ax_energy,ay_mean,ay_std,ay_min,ay_max,ay_energy,az_mean,az_std,az_min,az_max,az_energy,gx_mean,gx_std,gx_min,gx_max,gx_energy,gy_mean,gy_std,gy_min,gy_max,gy_energy,gz_mean,gz_std,gz_min,gz_max,gz_energy,sma,label
-1619.56,681.7172275155274,-2164,976,3085389.28,-2344.46,946.4559804951709,-4980,-1716,6387792.72,14849.64,206.32849448922696,13780,15532,220554166.7,-282.94,462.8866998353076,-4417,1634,293247.82,-30.62,290.9765149652228,-2978,564,85181.58,-210.09,128.33296008125146,-1196,554,60524.81,6279.046666666667,0
-1333.5,722.7153084620714,-2164,976,2297928.08,-2673.82,1073.144427564184,-4980,-1716,8295194.16,14823.06,251.0184209140655,13780,15532,219785803,-230.13,532.1575815,-4417,1861,334735.55,1.205,341.6410043514557,-2978,1251,116136.435,-205.815,156.1882345056437,-1196,554,66632.605,6284.62,0
-1501.44,418.7896491691936,-1864,-212,2428829.92,-2244.88,738.3628403570297,-4576,-1732,5581940,14884.2,185.44755045524124,13928,15416,221573628.5,-147.275,252.16920094357798,-1248,1861,84961.285,38.8,175.39998796720164,-682,1251,32116.77,-200.115,92.01694062404512,-1030,214,48470.795,6210.173333333333,0
-1437.26,566.9857995438881,-1880,680,2385581.84,-2051.86,379.96908152450095,-3444,-1732,4353784.08,14931.2,190.75264838088515,13972,16084,222976938.1,-205.62,272.5047703238353,-2919,1320,116167.14,13.445,397.8064186366815,-3278,2119,157639.465,-202.07,122.48361637952661,-1247,364,55759.51,6154.2266666666665,0
-1408.68,556.2993460467667,-1880,680,2292300.96,-2035.98,390.5818872570339,-3444,-1628,4297006,14940.32,189.51760396083333,13972,16084,223248899,-205.135,274.3143609403096,-2919,1320,116952.495,12.625,398.0261277439387,-3278,2119,157792.065,-201.165,125.18006237047247,-1247,364,56059.055,6142.446666666667,0
-1606.12,72.58933570636569,-1804,-1396,2584864.32,-1809.78,104.53568840713572,-2148,-1564,3286176.72,14949.8,97.52041405,14684,15192,223505982.7,-195.775,65.04474204220264,-423,7,42537.515,8.795,36.38961383382454,-98,95,1394.935,-202.75,36.476432812896725,-331,-27,42431.44,6121.9,0
-1613.02,65.67775450779304,-1792,-1424,2606125.52,-1732.96,78.00656073426094,-1968,-1548,3009204.96,14960.22,92.13509635258161,14744,15204,223816628.9,-196.74,54.211315550061514,-357,7,41630.8,14.09,32.58852497120719,-55,95,1255.23,-203.005,24.243633055270262,-263,-149,41795.845,6102.066666666667,0
-1503.12,484.82054453375844,-1792,1348,2493245.44,-1810.38,477.5055953,-4152,-1536,3504347.28,14936.7,196.61106161083282,13392,15368,223143469.5,-236.645,200.12209583453304,-1688,-34,95849.465,-38.435,290.9638043679339,-2237,647,85713.885,-204.125,86.22105151074237,-864,301,49063.915,6099.76,0
-1385.58,704.7703525612058,-2160,1348,2414049.68,-2258.56,748.2194115626753,-4188,-1536,5658126.4,14872.7,215.28877416485756,13392,15368,221243322.8,-199.405,275.0917635387039,-1688,916,115059.455,-0.85,373.2555774943668,-2237,1617,138623.85,-211.305,112.17512320622455,-864,301,57170.145,6198.386666666666,0
-1054.1,737.2858483048165,-2180,408,1651999.28,-2792.22,592.0369671331861,-4188,-1936,8145247.76,14844.4,188.05580268798704,13836,15956,220391399.5,-182.21,247.79239547710378,-1191,916,94294.55,36.37,318.5369397888575,-1385,1617,102281.23,-218.82,111.49999481713489,-872,192,60252.28,6242.32,0
-1144.28,679.7107880392103,-2180,296,1769073.44,-2728.78,532.9541747296938,-4112,-1940,7728860.24,14841.4,270.7454811772293,13768,16260,220340090.6,-173.46,296.89354537684403,-1191,1498,117793.42,7.915,406.04906970716024,-1385,2910,164114.115,-212.55,160.1362093,-936,512,70692.89,6240.486666666667,0
-1301.12,739.4933656,-2116,684,2237029.44,-2699.38,532.8327781276563,-4112,-1940,7569143.6,14825.06,257.66683408412246,13768,16260,219848464.2,-154.065,306.9126711518569,-1254,1498,117460.435,10.085,475.7724824432906,-1637,2910,225329.365,-208.28,163.50978210560098,-936,512,69982.33,6301.626666666667,0
-1286.44,643.4903304845658,-1908,684,2066937.28,-2742.38,370.1892706176153,-4088,-1984,7657002.96,14836.22,143.25109416650017,14360,15440,220133842.2,-196.66,186.05814296292994,-1254,542,73119.7,-7.89,333.2478937569859,-1637,1679,110561.14,-208.29,92.70678854979327,-748,138,51936.3,6314.786666666667,0
-1521.52,64.51122453,-1716,-1300,2319164,-2526.28,82.64230365,-2824,-2340,6388886.24,14865.68,89.05837733118835,14688,15096,220996333.6,-191.505,39.499506707688816,-302,-92,38226.575,-0.165,30.638068332644256,-110,83,934.025,-205.435,25.58355657124652,-333,-136,42854.785,6304.493333333333,0
-1256,615.5863650734327,-1752,776,1954587.84,-2531.06,126.1722377063956,-3052,-2308,6422104.56,14878.2,120.36711015069753,14400,15420,221375251,-210.04,138.23193821877268,-753,563,63129.33,-21.56,211.09055524244286,-1271,684,44801.26,-207.77,55.95535819340954,-609,-9,46283.72,6248.073333333334,0
-922.02,762.9599063472912,-1788,776,1429318.16,-2726.28,236.10218722847605,-3512,-2308,7488068.16,14866.38,155.4018153726189,14400,15420,221033283.3,-210.2,236.04762742306966,-1301,682,99623.93,-12.77,303.6692314189121,-1532,818,91917,-197.375,114.37311933813679,-675,237,51972.695,6203.026666666667,0
-1180.36,668.0359500451782,-2288,252,1837290.4,-2834.14,224.3324444393648,-3600,-2404,8082422.96,14843.36,143.65309414449254,14448,15272,220345869.1,-198.71,274.3512876682487,-1493,837,114377.95,11.15,334.91386052214864,-2302,1664,111730.78,-196.525,129.92544972959374,-750,256,55418.295,6291.1,0
-988.26,881.2251022321254,-2288,1648,1749332.72,-3047.9,427.0127979911623,-4020,-2224,9471122.64,14827.14,237.30170860009122,14096,16668,219900111.1,-219.51,402.7396005226525,-1520,2130,209572.83,12.875,561.5858820246884,-2302,2440,313967.575,-212.37,164.1510307750841,-986,347,71911.85,6351.046666666667,0
-580.86,915.2316786080114,-1628,1740,1170859.12,-3400.4,438.2162106040589,-4268,-2224,11753793.44,14774.58,274.2411065515399,14096,16668,218363046.3,-237.915,435.4145575882816,-1938,2130,245241.455,28.645,647.8688363554795,-1903,2855,418455.895,-209.02,177.65230453482067,-986,347,75091.9,6373.106666666667,0
-752.36,861.2462341159435,-1576,1740,1304081.92,-3631.22,369.05914820577453,-4328,-2496,13321282.32,14691.62,201.92026786052045,14220,15440,215884266.2,-217.635,338.65424144879137,-1938,1399,161478.255,6.585,537.8264302919697,-2272,2855,287854.345,-198.24,152.85577134727643,-809,413,62547.16,6457.68,0
-839.24,879.3085808187633,-1628,1776,1473641.44,-3941.98,303.2627923205057,-4996,-3112,15630714.8,14610.08,210.7601785544926,13784,15768,213498635.4,-198.74,365.03577631507534,-2130,1552,172082.45,-4.315,597.6559368644695,-2869,2662,355425.275,-198.345,173.23460136633432,-1155,413,69200.915,6556.3133333333335,0
-874.84,917.4413701914109,-1656,1776,1602835.2,-4052.08,280.42550869999013,-4996,-3112,16497597.6,14588.32,210.20683186044172,13784,15768,212863046.4,-184.955,341.88861064011354,-2130,1552,150511.735,-28.81,572.2776532962924,-2869,2662,326694.22,-211.52,163.12818155699048,-1155,300,71218.46,6600.946666666667,0
-872.46,854.8090317749457,-1656,1228,1488231.44,-3963.76,274.4930501358173,-4524,-3052,15786363.04,14625.2,186.43095910433658,14188,15412,213931057.8,-177.32,410.48961768984583,-3932,1827,199101.6,-29.325,514.5209992,-2534,3210,264268.155,-221.81,149.1568730022827,-1041,386,71336.21,6573.486666666667,0
-1002.32,616.6919509869253,-1520,1112,1383052.8,-3827.16,264.4514459,-4524,-3052,14716738.56,14654,162.7299764214653,13948,15412,214766064.6,-205.16,425.9938004125761,-3932,1827,222653.99,42.235,475.9460716199392,-1499,3210,227175.835,-197.005,140.8456690403975,-1041,643,58549.285,6539.1866666666665,0
-1159.92,249.58190889211332,-1380,408,1407394.08,-3694.6,138.5923489806703,-4188,-3120,13669180.96,14674.68,125.18198852573114,13948,14964,215361825.3,-211.73,257.9072270971574,-2223,1477,111013.15,13.15,336.2429391,-3086,2582,112666.94,-195.87,97.70514097458906,-740,643,47863.62,6514.013333333333,0
-921.56,472.77524104241496,-1352,696,1071671.68,-3860.88,443.55388153993846,-4580,-2512,15102150.72,14669.12,180.56134023632995,14200,15316,215215521,-187.25,337.6100863,-1522,1872,148473.23,-36.815,455.20316384762134,-3086,2005,207529.215,-211.345,132.19692169459785,-981,160,62055.355,6502.133333333333,0
-705.02,686.8375124017406,-1516,1164,966440.24,-4117.16,467.31231354626186,-5456,-2512,17168295.36,14608.6,213.22873273157057,14120,15344,213456433.1,-202.86,369.31561096508307,-1522,1872,176864.23,32.365,444.8626819637944,-2959,2005,197960.785,-197.565,140.37135162412562,-981,302,58637.525,6544.846666666666,0
-777.8,757.0201035546742,-1516,1164,1175186.88,-4177.06,416.67310783631075,-5456,-3140,17620578.64,14582.9,224.56745693347432,14120,15456,212711150.8,-216.86,381.87643085455153,-3178,1273,192128.72,49.91,404.71153806782695,-1495,2636,165463.48,-197.905,130.05285348077706,-637,407,55995.565,6594.32,0
943.92,921.3748922454428,232,4544,1735672,-2586.64,565.7149080463848,-4444,-1124,7009139.68,14923.42,406.9404702553658,12468,16488,222873237,-207.15,732.9630561689604,-3272,5029,577459.79,-6.81,647.9975758,-3030,3292,417847.73,-201.37,536.0864168505468,-3817,3730,326501.58,6151.326666666667,0
802.16,1203.6763009995418,-2860,4544,2085053.12,-2461.5,615.3329858028785,-4444,-1124,6435723.76,14940.28,428.35452559531797,12468,16488,223394536.6,-189.695,764.9969106746173,-3272,5029,618278.365,110.72,664.0514462118732,-3030,3292,451018.42,-181.3,535.6250000732953,-3817,3730,318329.36,6175.1,0
-677.7,1724.9528986359492,-4400,992,3419862.48,-2435.32,392.3930159864914,-3432,-1452,6083985.92,14888.46,322.0999382975046,14028,15900,221769470.8,-194.91,324.24305651546723,-1534,1591,142597.8,-18.07,782.9388747,-3869,3001,610254.84,-217.125,191.16143135893282,-1493,340,83503.245,6223.333333333333,0
-497.64,1677.181612469571,-4400,684,3046519.04,-2379.74,194.8065717628901,-3432,-1848,5700922.32,14896,286.76732290733054,14028,15448,221972640.3,-190.895,174.28332496773479,-931,412,66663.705,-84.805,712.2362383867846,-3869,3001,511935.945,-233.82,163.4012774963439,-1493,340,81238.27,6160.22,0
508.84,77.37148138,328,684,264874.56,-2380.52,96.87981260537337,-2700,-2196,5676214.24,15028.78,99.18558616307392,14764,15364,225874016.9,-188.09,86.04686055316182,-555,118,42744.89,12.775,28.285414942907632,-69,105,959.265,-213.085,31.461993902191065,-332,-139,46390.125,5972.713333333333,0
525.84,77.76251955303519,316,748,282524.48,-2303.98,86.43979866918853,-2532,-2000,5315758.32,15044.44,101.49261131113815,14712,15320,226345424.2,-192.765,70.59054398074495,-477,-10,42116.455,10.625,25.521581664412302,-52,105,760.985,-210.105,26.783216356366907,-281,-145,44857.865,5958.086666666667,0
428.14,455.63564346744204,-2204,892,389869.68,-2254.92,118.04212517818762,-2628,-1944,5098528.48,15040.52,145.34841038693904,14152,15528,226238262.4,-205.42,120.62464559793798,-941,215,56674.93,64.44,235.0193115127342,-210,1454,59110.42,-196.125,64.52267238154572,-293,273,42607.375,5955.153333333334,0
252.04,742.1513738507413,-2644,1264,611558.88,-2296.92,173.09559214520888,-2948,-1928,5305653.76,15026.52,170.66576580583012,14152,15528,225825284.5,-203.13,172.90629262739617,-941,790,71008.9,19.235,371.79008744263615,-1508,1454,137906.715,-205.085,89.89607497817917,-632,273,50100.755,5991.426666666666,0
375.66,627.4563184459847,-2644,1264,532853.36,-2265.84,175.33902379770356,-2948,-1912,5164620.96,15048.16,144.24202999154028,14420,15412,226467821.1,-190.31,151.27672370751026,-852,790,58988.12,-39.27,280.6880940308179,-1508,1208,79934.01,-217.05,71.29123156807198,-632,74,52167.73,5982.193333333334,0
570.32,76.17526471745188,308,868,331038.56,-2165.08,94.65787960256807,-2396,-1912,4696486.72,15068.56,97.00896917554846,14816,15364,227070864.2,-195.855,77.45307527365672,-447,141,44328.165,7.49,32.882154436745935,-197,109,1131.93,-205.065,35.795774363904435,-337,-24,43326.585,5934.653333333334,0
401.72,537.7866435398422,-1900,800,449147.36,-2168.2,108.7184367642504,-2796,-1896,4712851.84,15042.5,120.07129372955656,14596,15344,226291151.3,-203.13,92.80261162067633,-718,94,49831.06,47.915,260.4181557692769,-577,1973,69774.375,-191.35,67.54776832009424,-355,269,41154.71,5941.926666666666,0
335.92,574.3026302880555,-1900,800,441016.64,-2327.8,188.08861377862783,-2900,-1896,5453853.28,15017.06,133.26392146345947,14596,15348,225529761.5,-200.325,113.85805928135514,-718,94,53028.945,5.7,332.23647508496776,-1528,1973,109861.66,-200.02,78.74307563080701,-477,269,46177.47,5982.26,0
213.7,724.1133687857664,-2000,780,567386.16,-2502.28,155.99021229442022,-3032,-2136,6285616.48,15008.74,161.99017403043945,14444,15580,225288386,-209.255,141.49481932025768,-811,293,63708.335,-40.355,435.35805050059474,-2037,2016,190217.475,-220.71,93.49514753753441,-1019,124,57410.54,6056.2266666666665,0
294.7,713.8774791771918,-2000,780,593921.04,-2523.28,151.90145443443416,-3032,-2136,6389900.64,15009.36,151.90499014236087,14444,15580,225303847.4,-207.735,135.18598681132136,-811,293,61337.705,-1.31,388.56845099097745,-2037,2016,150232.23,-212.23,87.20332101462593,-1019,124,52607.97,6072.886666666666,0
613.72,63.626434884255474,416,740,380680.32,-2506.48,90.11131921,-2808,-2144,6290521.44,15013.6,93.91539013,14748,15304,225416961,-197.945,74.64914230743834,-549,265,44726.855,5.885,25.80136288325029,-114,58,697.015,-205.035,29.06661513795319,-301,-119,42879.995,6044.6,0
214.68,920.1315274126267,-2516,908,888496.32,-2533.32,254.9876686347379,-3416,-1996,6482403.84,14964.42,181.1664705464321,14160,15340,223966523.1,-211.215,181.32709769028983,-1164,304,77326.895,47.485,331.5196770272941,-1499,2857,111610.595,-198.105,61.889137185030606,-417,73,43056.705,6096.073333333334,0
155.3,915.8513791788047,-2516,908,858707.92,-2571.04,271.14504712960286,-3416,-1996,6683398.72,14949.16,183.71032036618203,14160,15340,223510965.4,-199.765,217.0523633068422,-1164,628,86782.225,6.93,424.02866251371006,-2707,2857,178949.33,-207.05,87.28223440203084,-698,73,50449.8,6093.486666666667,0
559.96,210.67052177207563,-1208,816,357715.36,-2616.38,147.0987621604809,-3248,-2260,6866974.16,14991.24,105.62730726569247,14564,15240,224748378.1,-190.15,132.15894762438876,-743,628,53535.68,-35.195,258.72988373725497,-2707,95,67845.135,-216.41,67.99291937714644,-698,-81,51433.21,6065.58,0
597.6,75.63041583,364,824,362817.12,-2546.48,163.2649589905037,-2916,-2104,6511082.56,15005.54,95.90420472,14600,15240,225175382.3,-196.155,85.76789395319106,-539,80,45796.135,4.715,27.058168775573805,-76,99,750.715,-209.66,40.80871421374232,-369,2,45614.34,6049.873333333333,0
578.68,70.43880839880255,364,824,339807.36,-2382.72,109.97213717471288,-2748,-2104,5689388,15011.56,94.09482226929093,14600,15272,225355743.2,-194.68,80.96613598214624,-539,80,44423.04,5.725,26.56573103316815,-76,99,734.985,-205.31,36.00480007083366,-369,2,43442.06,5990.986666666667,0
197.04,1019.3080510398084,-3500,1244,1072618.72,-2413.18,221.83765987019294,-3304,-2032,5872403.6,14967.28,220.04138852342433,14140,15728,224067646.7,-192.805,126.5511078,-719,419,53108.875,15.985,520.5453023841161,-2710,2426,269868.095,-199.45,93.28487465,-623,228,48438.86,6059.673333333333,0
-2.06,1256.9684182278052,-3612,1244,1572074,-2487.76,256.8627547424292,-3304,-2008,6254598.4,14945.56,261.53617772940424,14008,15728,223437822.9,-194.54,206.3464141027542,-899,1049,80211.76,18.975,809.0418207444952,-2988,2530,651635.975,-204.005,167.02232563734265,-1153,394,69375.015,6129.58,0
420.48,846.2133031168082,-3612,1072,889300,-2441.78,174.85543662864177,-3188,-2008,5992711.12,14997.14,173.99006614050668,14008,15492,224944329.4,-188.22,172.5840021234434,-899,1049,65063.08,11.73,619.7872038,-2988,2530,382353.09,-209.04,140.9837597119348,-1153,394,63474.76,6071.786666666667,0
664.46,69.39703265056453,436,832,446298.96,-2342.02,94.94393796753914,-2588,-2116,5494026.96,15034.86,91.88008571368319,14772,15272,226055415,-190.085,56.154379586401525,-361,-16,39269.855,6.98,24.11508420951834,-106,56,627.35,-205.02,28.872090120732487,-300,-130,42862.63,6013.78,0
160.66,1262.8314538385637,-3884,820,1612581.2,-2399.28,270.33684850255145,-3340,-2012,5829261.12,14966.68,247.23080909309044,13996,15372,224062327.7,-219.805,206.59492805120462,-818,1657,90782.295,-3.93,604.9845507392448,-2663,2802,364191.72,-206.76,107.06904924642164,-751,184,54156.16,6103.74,0
124.7,1248.6690280889256,-3884,812,1566928.56,-2508.96,246.22749296424493,-3340,-2012,6355205.12,14953.16,243.10374649064738,13996,15372,223655797.9,-218.17,210.3296553498769,-818,1657,91615.52,-2.365,604.9189170924326,-2663,2802,364102.855,-211.16,107.60127588864513,-751,184,56108.69,6123.806666666666,0
605.58,64.05386866109073,436,812,370809.52,-2502.96,72.14417725331538,-2728,-2304,6269987.52,15018.74,95.75981469568936,14792,15252,225571675.3,-195.915,61.41053692344768,-364,-28,42135.085,5.675,19.882806769295065,-49,66,425.555,-207.095,27.46978193575606,-280,-121,43639.155,6042.426666666666,0
606.46,63.41780102965717,432,808,371795.44,-2448.26,88.81674657609233,-2628,-2152,6001826,15017.1,93.61693571820398,14792,15260,225522012.7,-195.76,51.937461427157636,-441,-83,41005.99,7.075,19.164177611303543,-36,66,415.485,-206.4,23.318636194465775,-263,-136,43142,6023.94,0
607.8,62.57682715256832,432,800,373317.12,-2357.88,89.75402231996661,-2628,-2108,5567613.6,15029.56,93.08366798870335,14800,15400,225896295,-200.855,68.76150593531574,-441,-24,45047.235,7.95,21.205562463584524,-46,65,510.63,-205.04,26.327821232572045,-263,-137,42731.09,5998.413333333333,0
615.16,62.254578649397914,460,800,382278.08,-2296.86,97.00137490607204,-2596,-2012,5284928.08,15041.7,104.96608688993281,14756,15400,226263701.7,-205.17,86.12630143571113,-605,4,49475.38,8.13,23.32818296831142,-78,91,607.58,-203.14,31.356763754664307,-291,-69,42244.19,5984.573333333334,0
625.36,70.34781071477498,460,856,395999.2,-2266.64,120.41699073756766,-2596,-1808,5152084.64,15042.6,116.18716489540556,14672,15356,226293246.7,-204.385,91.14688997856054,-605,76,50039.445,5.835,29.648828648042826,-98,100,908.705,-211.13,39.11576813233909,-379,-69,46098.27,5978.2,0
-13.5,71.56814934033156,-228,252,5278.64,249.28,103.4043708921339,-60,492,72779.52,15181.16,142.85507432816846,14848,15756,230487924.5,-229.5,188.04687750851787,-1017,204,87855.07,16.37,41.44164753908523,-90,147,1976.8,-207.94,33.67501198456808,-318,-79,44367.38,5163.046666666667,0
-50.6,75.65672275807658,-228,176,8255.68,153.4,118.17829983869213,-136,492,37427.84,15162.12,150.30256118741787,14820,15756,229912360.8,-229.62,199.66830685869775,-1017,429,92393.44,16.565,43.83805023311605,-127,147,2186.565,-209.55,33.78676110743161,-318,-79,45047.04,5133.6,0
-83.96,65.74748710256162,-240,112,11350.4,65.36,110.40387437670353,-224,472,16400,15151.68,133.60249147618177,14820,15468,229591167.2,-241.93,181.26347491064882,-730,429,91222.29,17.385,39.92639930934225,-127,123,1888.385,-206.95,25.534635065723936,-269,-140,43477.06,5113.1866666666665,0
-86.9,65.60541404304064,-324,92,11834.16,55.3,117.63118411963274,-264,392,16826,15156.54,148.23242783991827,14476,15508,229742567.8,-226.54,219.0218281,-836,518,99051.08,15.4,45.89117562233506,-145,132,2332.63,-206.49,34.12598444104363,-378,-4,43796.88,5115.846666666666,0
-90.32,66.48729504206085,-324,92,12556.16,104.78,121.89900919290139,-264,392,25763.92,15171.78,149.3765657389398,14476,15508,230205110.2,-177.96,240.09689919910488,-836,792,89028.05,4.33,49.46214328241804,-198,132,2453.02,-203.25,37.432250357601674,-378,-4,42704.73,5132.693333333334,0
-106.56,67.05166687,-292,180,15828.48,78.02,109.54597758945853,-148,388,18027.44,15178,133.99407472086781,14792,15528,230389548.6,-162.46,219.4414526833499,-751,792,74307.03,1.285,44.72443572314545,-198,125,1991.925,-202.76,30.354395838719444,-334,-101,42028.4,5131.086666666667,0
-122.66,68.91232795896259,-296,180,19770.64,34.04,94.99303544955072,-196,324,10137.28,15155.7,144.68065683536122,14604,15528,229716070.3,-166.115,186.72281279772827,-587,540,62285.275,4.37,40.63890627856006,-121,103,1662.36,-205.825,27.622989023874034,-334,-125,43123.145,5119.906666666667,0
-146.94,62.72662550893913,-296,20,25506.32,-15.82,97.14335674040696,-248,268,9639.92,15146.44,151.01121925773774,14604,15504,229437335,-197.655,173.88518124406522,-624,408,69152.375,9.29,40.46260013951465,-121,109,1715.34,-207.385,26.683455717826845,-287,-142,43716.985,5124.2266666666665,0
-168.92,65.20931585572616,-396,-8,32764.96,-70.4,87.97806944641141,-400,152,12657.6,15157.02,165.23642145385008,14508,15652,229762421.8,-198.4,209.75518153529492,-1071,723,83139.81,9.24,45.33861877,-120,159,2130.69,-206.45,28.929432422733555,-379,-139,43454.33,5138.993333333333,0
-184.52,65.02855654117771,-396,-8,38255.2,-115.72,96.71385344011571,-400,152,22697.92,15155.02,157.2586756121149,14508,15652,229699237.8,-171.305,210.15070441908873,-1071,723,73287.905,4.555,44.1319057,-120,159,1958.635,-207.89,28.770935571655325,-379,-139,44041.88,5155.366666666667,0
-191.8,65.09336163268276,-372,-36,41003.2,-177.42,87.77577417866115,-408,48,39143.92,15158.7,141.45656506148796,14852,15868,229806095.6,-193.825,193.02837652979588,-723,328,74641.785,8.04,39.89683177809547,-128,101,1648.44,-210.045,25.54379380612931,-286,-127,44768.125,5176.173333333333,0
-192.28,68.56637909142164,-392,-48,41649.44,-175.06,99.50953288845442,-408,160,40498.64,15180.3,158.52685519840315,14800,15868,230466513.2,-171.97,238.8308185714262,-788,900,86328.64,2.95,47.68044277390446,-139,111,2270.76,-210.68,28.348115958418823,-307,-27,45185.66,5185.413333333333,0
-177.02,71.63727448387039,-392,100,36442.32,-123.16,102.52105752566595,-384,332,25626.4,15170.68,150.0183492964382,14800,15584,230171924.6,-167.83,229.06629594878964,-788,900,80375.92,1.935,47.87243072077683,-139,121,2284.055,-208.37,32.46355668380799,-340,-27,44466.67,5162.606666666667,0
-159.46,66.72186625976472,-316,100,29857.04,-86.42,95.20094378992502,-292,332,16486.32,15163.06,133.6353562580317,14660,15476,229936157.7,-229.105,162.4549229322541,-659,198,78748.745,13.765,38.78998698700814,-97,121,1686.615,-204.65,29.078260369744495,-340,-47,42722.94,5143.3133333333335,0
-161.04,63.68293319170763,-320,8,29969.12,-136.36,111.53542556416278,-396,132,30972,15163.56,140.70592448766914,14660,15552,229953251,-229.45,166.76302658316044,-579,251,80318.16,15.985,37.756490007526416,-100,117,1673.945,-207.8,27.030040983651677,-331,-134,43907.81,5157.84,0
-170.32,65.59735256,-364,8,33290.4,-246.04,122.36594921643109,-560,348,75434.24,15160.4,144.9810245771397,14768,15772,229858642.6,-214.62,218.38694992947148,-1140,539,93516.14,14.24,47.37917613950554,-157,187,2436.34,-208.3,29.848697184602386,-331,-93,44275.38,5193.706666666667,0
-189.34,64.60801325597639,-368,-24,40002.96,-384.1,160.4012243214468,-756,348,173132.72,15170.24,155.24680431898196,14792,15904,230160162.7,-164.725,256.51573242181365,-1140,563,92605.645,1.595,54.226965561147246,-157,187,2928.405,-206.765,29.537128921488343,-271,-93,43619.845,5249.213333333333,0
-187.76,89.21738118510113,-368,144,43173.76,-487.04,143.39248734552197,-756,-32,257666.56,15162.72,151.14265483493654,14792,15904,229930807.7,-158.88,221.50679878854226,-977,608,74062.79,-6.485,50.41605566029247,-180,109,2571.125,-207.69,33.69779826695211,-367,-50,44265,5281.573333333334,0
232.24,525.5312530092261,-500,2092,328737.6,-768.1,448.6396075776605,-1884,132,790248.72,15126.28,269.12387463675066,13764,16700,228876412.2,-252.015,407.2192682538315,-2177,2740,228509.955,6.21,194.4424470791567,-429,1880,37657.39,-227.72,151.27850983430676,-1129,388,74627.16,5439.806666666666,0
328.2,450.8546434802892,-500,2092,309968.8,-978,353.8555478492864,-1884,132,1081071.68,15119.08,261.51924437004516,13764,16700,228654630.4,-249.43,395.60676010808515,-2177,2740,217937.51,10.825,192.52966716507217,-429,1880,36999.515,-228.255,151.89800854520774,-1129,388,75057.985,5484.106666666667,0
-8.62,67.28037488,-176,180,4578.32,-1022.32,139.42558974369405,-1348,-740,1064480.48,15142.88,106.67767447388314,14796,15452,229318137.9,-197.725,101.43279764053602,-483,57,49332.345,7.89,32.48715091962316,-101,101,1112.39,-211.085,51.87739484088794,-439,20,47234.685,5406.433333333333,0
-63.88,79.65645834948927,-404,180,10394.08,-1215.46,141.09389011982668,-1560,-860,1497150.96,15135.54,133.5066610424872,14496,15768,229102306,-213.975,121.49555640487702,-1089,71,60472.665,11.06,38.69668678115991,-123,193,1612.27,-206.63,61.170846506416424,-439,50,46419.12,5477.96,0
-100.46,79.35638334683257,-404,180,16358.16,-1345.2,125.57758017741894,-1652,-780,1825253.92,15120.14,143.28486719060442,14496,15768,228639061.5,-216.99,128.36106385336575,-1089,204,63478.84,11.16,36.639687958119154,-123,193,1460.3,-199.52,55.730143048633074,-396,50,42898.55,5525.093333333333,0
-102.22,67.98604349830018,-296,128,15047.92,-1388.92,112.41824991776407,-1652,-780,1941673.44,15117.66,116.17299697490229,14724,15600,228557072.6,-204.345,99.97852018052396,-627,204,51702.605,8.755,27.321186120944247,-50,118,819.365,-201.075,43.25127441698646,-326,-8,42292.475,5537.866666666667,0
-92.26,68.18252477,-328,128,13137.52,-1408.42,97.90767674615277,-1728,-1144,1993184.88,15114.72,112.80882391802888,14776,15768,228467422.9,-193.66,82.08400159,-436,29,44208.29,8.365,27.3404329,-87,89,813.735,-205.12,41.370073907057225,-327,-72,43777.14,5540.013333333333,0
-96.52,74.74209996740585,-328,156,14874.56,-1453.42,98.49512703809897,-1740,-1160,2122082.48,15119.42,110.96463106203556,14776,15768,228609112.7,-192.965,85.65575471959204,-436,29,44535.715,8.53,32.32776705269118,-87,221,1112.62,-209.315,44.76421505788685,-350,-72,45806.585,5558.1866666666665,0
-106.28,116.91822336476837,-1376,156,24896.96,-1505.62,91.56866111553921,-1812,-1276,2275234.48,15124.2,100.1761263046592,14864,15456,228751410.7,-195.78,86.25288051413081,-538,38,45732.17,7.03,32.56426348439969,-72,221,1104.55,-209.34,42.55985321318247,-350,-50,45625.52,5580.86,0
396.7,616.3254948303611,-1376,1808,535328.72,-1973.52,568.9499537298921,-3200,-988,4216866.72,15036.94,317.6648409185047,12632,16584,226209971,-222.92,485.7916645,-1789,5242,284506.9,-17.865,362.01409891614765,-1172,3929,130718.095,-220.565,179.58253033356286,-1069,1684,80737.555,5842.28,0
960.96,348.07224803084523,-516,1808,1043992.64,-2601.24,405.5112566828231,-3200,-988,6930066.72,14963.7,334.9058369123923,12632,16584,224023918.8,-203.36,505.30696218254377,-1789,5242,295413.74,-7.57,366.7925558063779,-1172,3929,133921.4,-229.725,186.5429730086193,-1069,1684,87397.865,6177.446666666667,0
950.16,130.26318315019833,444,1276,919687.68,-2767.28,140.31623150626802,-3196,-2392,7677428.8,14963.56,203.06546806783285,14372,15556,223949157.3,-183.755,208.55226011962813,-713,380,77042.475,18.825,83.73099049243488,-224,355,7330.205,-214.38,72.81611451226519,-451,-18,51234.46,6227,0
981.64,144.36870162902432,592,1864,984355.2,2330.3,176.22299144427166,1796,3196,5461197.36,14993.26,115.9633125141147,14104,15368,224811225.7,-217.09,139.65928353456113,-1585,401,66535.26,19.56,173.81260167925848,-531,1731,30442.36,-205.81,65.69385292063322,-516,61,46651.86,6101.733333333334,0
943.74,62.19706403,772,1152,894494.32,2260.7,58.78014569255668,2116,2428,5114202.32,14998.2,81.52688615315284,14776,15216,224952616.6,-205.555,24.970675766610842,-271,-139,42873.275,7.14,21.743373044603356,-46,61,521.39,-207.695,27.324625354316733,-282,-128,43880.115,6067.546666666667,0
917.32,63.78243169529384,760,1152,845523.84,2256.56,57.990524264940156,2128,2400,5095409.12,14996.02,83.05183705,14776,15216,224887479,-202.305,23.561146259580127,-271,-139,41479.665,7.55,21.477755233013674,-54,59,515.99,-209.235,22.620082130219807,-282,-147,44288.395,6056.633333333333,0
904.16,62.94844664225931,744,1084,821448,2262.54,63.50205472875559,2068,2436,5123099.6,14991.5,91.93393957745505,14796,15180,224753481.8,-202.78,27.157304652338006,-302,-118,41853.56,9.53,25.711759427630028,-63,76,748.61,-208.58,39.26464263,-353,-42,45039.62,6052.733333333334,0
885.28,71.22955741296047,704,1084,788768.96,2208.8,89.98313633,1988,2436,4886853.92,15003.14,102.03625525730878,14640,15248,225104569.2,-205.86,35.494643944456165,-310,-118,43631.91,8.415,33.18582937575591,-91,164,1166.605,-205.51,52.172499928062855,-353,1,44942.72,6032.406666666667,0
883.34,75.19625511898579,704,1092,785915.76,2151,73.17274941042879,1988,2376,4632128.48,15013.58,98.12546373478104,14640,15248,225417164.9,-203.305,36.48200458159416,-310,-75,42657.205,6.485,34.76814482,-91,164,1244.835,-204.67,45.50576859,-335,1,43950.23,6015.973333333333,0
909.14,67.92887501130508,704,1096,831126.8,2137.62,64.03779976697338,2008,2284,4573499.6,15011.4,87.92481941605983,14784,15208,225349822.1,-202.765,28.70189486504717,-304,-75,41933.325,10.045,27.439160201486015,-72,144,850.045,-204.845,30.167721693240345,-335,-111,42867.015,6019.386666666666,0
1476.72,957.0708041838417,768,3632,3092106.56,1765.12,702.9007132328978,-48,2340,3607247.68,15013.8,240.6890443713673,14408,16960,225471832,-194.66,361.33265954556526,-1750,2360,167801,22.38,541.7919788,-2876,4603,292571.72,-188.66,151.8573265871323,-828,1003,58537.94,6085.373333333333,0
1511.74,960.7438556560769,708,3632,3203771.44,1817.96,744.1540868157771,-48,2516,3855975.04,15017.16,265.73923516396223,14408,16960,225585358.7,-220.805,417.0677216,-2068,2360,221830.605,-21.74,580.5021499793547,-2876,4603,335770.46,-187.2,161.30114786171714,-828,1003,60931.81,6115.78,0
1576.06,1157.9076244388705,708,4448,3818011.44,1665.74,888.1087875325086,-464,2516,3559483.28,14978.92,239.6321167055533,13848,15948,224425180.8,-212.465,348.89889793448685,-2161,1401,166263.165,-3.87,424.0793435,-2912,2386,178959.05,-206.905,119.94741718539518,-819,281,57125.125,6096.386666666666,0
1595.14,1128.8232412338737,852,4448,3812342.32,1449.74,755.2106781,-464,2012,2669237.52,15002.58,221.4281275682743,13848,15644,225126191.9,-186.7,280.08315348182157,-2161,1401,112911.23,40.93,367.55437173417556,-2912,2386,136096,-209.75,111.38004792321148,-819,124,56338.55,6038.633333333333,0
1016.88,66.87531036,844,1200,1038494.88,1798.18,66.32073430681369,1584,2004,3237827.76,15059.02,92.90617518192573,14808,15464,226782671.8,-205.19,37.40211882316711,-355,-83,43494.86,11.955,31.40580516385386,-111,95,1124.315,-205.035,45.38427521935245,-371,-63,44088.785,5958.026666666667,0
992.8,84.72574733401018,552,1212,992794.4,1715.66,116.13527201946519,1324,1904,2956909.2,15063.92,84.33954823797033,14816,15280,226928763.4,-201.47,48.973063050238274,-376,-48,42976.53,8.395,40.63489817569061,-142,254,1713.415,-205.805,69.56806417289343,-517,207,47171.215,5924.126666666667,0
1468.52,1223.2286011425936,552,5152,3645357.76,1465.88,642.6257580618934,-608,2316,2559707.2,15014.08,283.9420876617777,13728,16404,225502818.2,-241.41,400.03913363846175,-3251,636,217509.94,-51.57,502.3079548519391,-3392,2106,253711.18,-210.78,155.9684338634233,-983,690,68632.73,5992.08,0
1912.12,1146.533997155412,604,5152,4964170.4,1147.42,679.4190125194204,-944,2316,1775874.8,15018.16,346.74395633706644,13728,16404,225664760,-227.565,530.8696816256761,-3251,3248,332199.335,-19.89,667.1566064935128,-3392,3904,443268.06,-191.24,234.65358279727585,-1018,1198,91359.73,6038.3533333333335,0
2056.06,826.7802515309664,780,4132,4907530.48,870.76,732.0678651573089,-968,1696,1291466.72,15032.68,341.36424142934646,13208,16268,226097414.9,-176.235,539.3356138,-2689,3248,320487.265,50.61,621.4989724559639,-2373,3904,386891.04,-188.9,219.67900291472566,-1018,1198,83700.78,6053.9,0
2223,972.9298238881647,904,4132,5883588.48,845.82,814.4014095514552,-968,1704,1375344.88,14999.06,392.8744175174791,13208,17768,225125379.4,-196.595,527.4509012611562,-2794,2202,315463.025,11.16,553.2821251,-2197,2510,304715.05,-210.945,139.37138836386887,-731,390,63825.055,6090.386666666666,0
2233.5,778.5594673633515,928,4012,5591646.32,938.18,554.3552981463373,-360,1732,1185954.96,15018.42,322.0122404739847,13864,17768,225656112.7,-224.74,440.5357204643287,-2794,1324,243609.43,-21.245,456.2939136710749,-2179,2119,207614.465,-213.23,109.71913480662144,-722,103,57445.13,6071.82,0
2274.46,784.1667013316664,1164,4688,5785011.12,843.1,646.8014770806949,-1408,1732,1127078,15027.1,322.9027733003003,14064,18028,225917479.3,-217.44,487.0742479489912,-2030,2426,283335.27,-5.075,532.6669595761696,-2179,2828,282341.175,-199.11,188.39496067047588,-749,1932,74959.99,6101.5,0
2023.2,681.4213935428571,920,4688,4555351.68,957.82,587.6315527684378,-1408,1612,1261003.44,15053.48,484.3204736597764,12176,18028,226840653.6,-198.3,414.2650451561065,-2028,2426,210080.34,14.77,472.5808931844527,-1805,2828,222434.19,-196.51,179.24531882760022,-749,1932,70584.42,6059.886666666666,0
1789.14,160.6711439008637,920,2652,3226708.08,1113.64,102.12707819428947,792,1408,1250571.84,15085.74,396.81983608629974,12176,16848,227736230,-205.54,142.57903882253447,-992,599,62473.83,2.55,209.71784706334466,-960,1954,43768.17,-210.79,67.84201200557678,-448,18,49011.95,5996.173333333333,0
1805.18,87.60238862304105,1304,2016,3266310.64,1061.64,76.22784149571255,820,1348,1132861.12,15098.38,119.05767193352622,14804,15688,227975182.5,-207.17,48.611588460605944,-437,14,45270.68,2.24,91.65679045319503,-550,315,8363.98,-210.99,56.49307246185947,-398,-47,47692.29,5988.4,0
2149.74,642.1065303996756,1304,4236,5031621.36,658.7,804.1518332095446,-1972,1224,1077312.56,15066.18,251.47821788447555,14192,17240,227052704.9,-207.02,409.6903838916241,-2345,1708,209864.26,1.015,290.41814383115195,-1032,1654,83922.015,-214.03,181.51445282102077,-1392,1734,78591.6,6071.886666666666,0
2675.5,790.6554688,1712,4256,7780310.64,150.28,1028.9595279459509,-1972,1108,1076048,14993.12,299.91225785562733,13908,17240,224883145,-255.8,559.1337251615801,-3564,1708,376501.01,-30.19,420.67509025112116,-2962,1654,176994.13,-219.595,208.3869153942677,-1392,1734,91429.945,6213.74,0
3057.96,715.2119961221183,1540,4256,9860089.92,-483.96,1141.0385106621382,-1980,1208,1529676.32,14896.88,311.5283537270394,13068,16072,222013598.4,-206.035,612.9883664983469,-3564,5883,416326.385,2.56,462.1335450574181,-2962,2579,212506.13,-205.305,163.64771568600105,-841,401,68796.815,6371.48,0
2913.32,537.4058081,1540,4172,8774794.4,-187.88,1070.414406014332,-1980,1208,1175356.96,14938.66,270.42740115691385,13068,16072,223236327.9,-154.885,474.8190893520029,-1032,5883,248315.265,35.485,341.91500277203835,-1024,2579,117580.525,-200.305,125.47230159416334,-612,378,55786.675,6275.46,0
3033.8,698.7926127098722,2360,4656,9689812,-286.2,1358.3203195315386,-2704,816,1917719.36,14905.04,282.7037414452375,13944,16648,222239739.2,-255.89,376.4982504113586,-3101,314,206521.87,-25.835,263.2011054012162,-2877,344,69595.895,-211.465,91.27978291409451,-631,546,53007.785,6355.706666666667,0
3183.74,687.1959866152454,2260,4656,10606077.52,-503.24,1503.5815942117213,-2704,1048,2502704.32,14850.78,325.44814344277916,13944,16648,220651053.5,-186.41,488.9999454326819,-3101,1696,272674.03,0.535,324.1193228615988,-2877,1820,104528.355,-220.235,137.14277406187662,-1142,546,67217.555,6465.573333333334,0
2849.56,333.33105821669136,2260,4176,8230546.24,553.56,950.2637594175163,-2568,1052,1204914.88,14952.8,212.4430754378865,13968,16548,223631134.2,-129.915,304.1095210263804,-385,1696,108898.095,35.42,204.78691855206537,-523,1820,42982.57,-215.6,109.77912955763568,-1142,331,58474.56,6268.96,0
1359.44,540.4311013222517,560,2184,2138682.56,-2006.72,572.8554252963459,-2900,-236,4353447.68,15061.4,133.26891241049196,14720,15468,226863441.8,-169.405,160.1540119,-741,606,54219.115,-13.54,78.92721919368655,-285,244,6381.69,-226.27,74.70253976429571,-603,0,56750.68,6142.52,1
2101.86,321.2492893838806,1424,2736,4520500.56,107.94,2105.8388310389655,-2636,4156,4424035.44,14986.82,225.7682531282975,14412,15608,224655490.2,-109.055,545.6243410836017,-1750,2904,308110.385,-14.835,112.6273607385642,-479,307,12841.575,-234.65,119.45347699346866,-646,211,69258.41,6327.246666666667,1
2670.16,369.6421390409566,1888,3332,7265706.56,-866.34,3380.5037304755033,-6912,4156,12121211.44,14670.16,472.4778843033596,13324,15608,215435713.6,-327.48,639.8872542022167,-2112,2904,514651.57,-23.895,112.88182095675354,-479,307,13249.565,-243.92,119.02009289427905,-646,211,73591.92,6750.54,1
3362.84,495.259228,2396,4736,11552748.16,-5240.24,2708.3228102689527,-9476,932,34758452.64,13835.68,909.4661406036635,11568,15596,192249034.1,-302.585,609.6821173332706,-2542,2429,461411.405,-34.895,111.09651729815339,-508,278,13498.385,-212.47,111.29267449830166,-539,177,57467.63,7494.24,1
3654.76,1105.4777372419983,964,5048,14573241.28,-4777.92,2549.006009,-9476,-1376,29293464,13933.5,938.0182199214057,11568,15948,195017901,-102.05,533.4819984906405,-2542,2429,293594.23,58.475,281.2378942118283,-508,1358,82118.605,-194.64,107.38813462057357,-543,177,49359.28,7455.393333333333,1
2543.56,1494.3692393506994,964,5048,8691671.2,-2269.92,602.8984544114028,-3664,-1376,5514205.92,14876.66,361.98576334480555,14000,15948,221445391.3,-181.56,248.12698645458778,-1485,674,94223.2,75.655,291.4311351031967,-875,1358,90231.125,-216.795,94.81753423810902,-829,-22,55945.485,6563.38,1
1756.64,350.50904890863256,992,2428,3208026.4,-1661.72,865.3544668902068,-2848,1572,3506407.52,15088.12,141.42244212174526,14728,15528,227671265.4,-126.46,389.22777354460777,-623,3133,166732.9,-19.6,158.5700232115343,-875,622,25402.89,-208.245,89.02873442189224,-829,-9,51252.465,6218.92,1
2095.8,236.43168082660256,1588,2924,4447998.08,1667.28,3448.0290957044026,-2416,7008,14609282.72,14629.12,608.5325834543522,12812,15420,214379612.3,17.03,505.9508279,-937,3133,254996.33,-15.6,153.92225408142752,-656,756,23816.96,-222.245,101.69223929417288,-604,38,59682.445,6655.44,1
2281.14,372.94996821821803,1524,3300,5341995.92,3197.24,3046.8295775730335,-3980,7760,19459098.24,14409.46,615.1746970899393,12812,15980,208009085.2,-320.12,703.1049841193471,-2901,2127,594361.65,-34.055,263.42153766831154,-984,1015,70203.695,-237.15,161.4809524060028,-710,482,82185.84,6841.506666666667,1
3048.32,788.2109617361364,1524,4284,9910424.96,-2258.54,4862.609398172547,-9844,7760,28627748.24,14039.18,1037.9987933882085,11460,15980,198170629.4,-387.37,977.6039538344573,-3323,3306,1100986.46,-49.135,254.4417414141582,-984,1015,66831.145,-234.335,164.49643815544806,-710,482,81836.675,7206.266666666666,1
2922.82,1034.5726802664803,1304,4284,9607865.68,-3627.02,3107.4027998317197,-9844,-416,22762946.48,14258.22,1117.9794190894293,11460,15512,204540466.2,-121.145,856.3275649349008,-3323,3306,744306.525,30.83,190.4938335039092,-770,752,37056.95,-219.315,122.49001918113562,-596,278,63027.855,6936.02,1
2008.34,765.4310864739579,12,3984,4616384.88,-1873.84,1018.3726373694029,-4592,2044,4543173.76,15023.52,448.7113089659875,13980,18972,225906488.3,-230.15,754.9936453524712,-3232,4178,620134.35,28.105,307.1741587340476,-1477,796,94674.075,-223.005,285.50120783171275,-2068,1101,130834.615,6311.766666666666,1
2027.36,495.0466507,12,2928,4354034.4,-2451.3,761.0517385458879,-4592,2044,6585175.44,14977.54,440.73938378832287,13980,18972,224519984.4,-204.925,719.1400359677233,-3232,4178,556570.835,-10.66,291.61664172101564,-1477,796,84728.7,-214.13,298.0605198065263,-2068,1101,134247.53,6495.266666666666,1
2068.1,303.29922866791594,792,3028,4368568.08,-1263.24,1191.0941477245697,-3140,820,3007387.04,15035.96,326.32147789361545,13668,16764,226186046.4,-89.86,539.0241978141108,-1368,3293,297169.17,13.205,275.80510374403207,-960,991,75862.485,-181.63,376.1633253477582,-1231,1665,173780.81,6163.966666666666,1
2370.72,525.7004531405321,792,3748,5895292.48,-733.38,856.8671320631048,-2536,1928,1268396.4,15028.56,347.03581325043666,13668,16764,225977447.4,-149.735,577.5790357063154,-2142,3293,354350.125,-30.405,312.1401582091516,-960,991,97868.785,-163.065,511.1781649843662,-1336,1665,286586.795,6094.18,1
3007.12,418.62587559608994,1644,3752,9217142.08,-1621.7,720.9151568087489,-2936,1928,3147030.96,14908.54,279.0198717729996,14008,16184,222342027.8,-227.36,459.7293287124414,-2142,1442,261986.87,-8.135,294.7694726,-901,991,86520.775,-177.805,436.9541412813415,-1336,1562,221588.895,6520.88,1
2985.96,479.4070022109025,1640,4120,9144639.04,-2066.56,748.6312914,-4196,292,4828316.8,14904.08,388.59581461420606,13536,16184,222281852.3,-227.98,712.9164529906177,-3372,2612,557683.5,47.015,477.3733879602667,-1746,2955,228956.335,-310.33,556.2275582735133,-2920,1832,404146.86,6653.173333333333,1
2352.96,733.2044614645753,648,4120,6071321.6,-1468.96,1101.303475489671,-4196,640,3364648.48,15048.9,394.44513537895307,13536,16044,226624200.2,-185.38,750.0361234851714,-3372,2887,594107.16,88.765,462.81803382883203,-1746,2955,221008.755,-291.5,530.7283702752994,-2920,1832,365236.49,6307.766666666666,1
1972.58,749.4194360004792,536,3948,4449893.2,80,1812.5909604623291,-3120,5348,3275458.56,15067.4,318.97694502469363,14056,15772,227127780.3,-116.115,788.3339864205581,-3221,3557,631845.815,34.375,303.32880873077346,-883,1342,92729.965,-171.43,198.23133813069373,-1043,808,68487.43,6113.406666666667,1
2886.44,1113.0571447312066,536,4408,9564237.6,-26.52,2305.2342209997537,-5748,5348,5288237.6,14838.44,466.50800097626876,12752,15968,220395843.2,-192.49,1213.553882209243,-5098,5155,1502401.86,-51.4,254.46536722229587,-883,1312,67070.82,-185.73,144.40373712782647,-506,808,55243.81,6464.293333333333,1
2507.48,1495.0144449311397,540,4408,8511348.8,-629.34,1556.3637702435228,-5748,2348,2806225.68,14917.62,452.54658062810614,12752,15968,222739160.9,-254.885,1052.0540912087865,-5098,5155,1166250.085,29.8,293.6755636470578,-710,1576,86702.15,-193.375,108.73287712481076,-485,308,49157.615,6148.266666666666,1
1427.96,915.9373694328767,136,3856,2873816.32,-708.66,1040.8103358325566,-3680,968,1580068.72,15116.1,314.20492304918093,13960,16124,228594710.3,-266.215,639.4152155402008,-4017,1612,477677.985,78.835,536.4280876699187,-1184,3504,292531.275,-130.045,448.4579194333762,-1811,1876,217020.635,5806.013333333333,1
1369.06,724.4598309314091,116,3288,2396543.12,-106.06,2466.0966729635743,-3680,6220,6062473.36,14988.9,434.37786621013083,13788,16124,224854863.9,-60.31,840.9604188248998,-4017,3681,707315.65,23.28,502.26971432652414,-1184,3504,251555.45,-172.595,479.41900660536226,-1811,1876,258482.405,6063.153333333334,1
1043.3,700.6352250586356,-592,2880,1576910.16,550.44,3530.9572216191636,-4640,6564,12708304.8,14764.4,486.8813275693353,12688,15816,218223375.5,-240.63,924.3130237801738,-3783,3681,907985.59,-82.46,805.0176429291073,-9778,2216,651612.79,-245.68,331.53158758682287,-3210,768,169722.29,6261.953333333333,1
2050.64,1275.644879932692,-592,5020,5824257.92,-1257.06,3622.6520056680647,-6236,6564,14638189.36,14629.2,510.3724130475706,12688,15816,214272670.2,-311.725,938.3898533977224,-3783,3058,973345.115,-115.745,862.9027265878605,-9778,2216,754275.015,-238.905,390.4296254604483,-3210,768,208748.715,6623.886666666666,1
2999.74,504.6789838936426,1736,5020,9251867.44,-1984.26,1911.845375,-6236,884,7574164.72,14822.3,505.6149348185413,13124,16040,219954945.5,-148.08,1114.931777258007,-10006,3058,1258785.19,22.09,568.7500107902147,-2056,2819,322347.16,-230.435,337.3291874095569,-1966,394,166322.315,6617.873333333333,1
2833.72,435.7317897087772,1980,4224,8218881.92,-1600.72,580.7266645285649,-2924,148,2897861.76,14990.86,337.35509884032854,13124,16040,224839123,-272.435,947.7733682494007,-10006,2490,968003.815,40.84,500.9470973784151,-1682,2819,251361.16,-172.53,315.6584234604037,-1966,1214,128908.64,6475.593333333333,1
2699,266.7153640627695,1828,4224,7355382.4,-2303.26,638.5185212,-3624,-900,5710674,14905.58,284.17247151657597,13256,15656,222256665.4,-231.365,528.429171,-1456,3730,331370.965,-5.515,304.97326643692236,-1163,1087,92574.065,-160.965,309.06242360309204,-1594,1214,120951.715,6635.946666666667,1
2069,485.2996794708115,1248,3276,4515099.2,-5378.32,830.0591355091582,-6508,-3404,29611879.2,14204.52,328.71409214066153,13288,14888,201875901.1,-234.16,410.6134574722149,-2232,670,222591.3,30.97,161.04607505759736,-631,465,26765.3,-203.55,104.98967405555395,-641,29,52400.32,7217.28,1
812.52,1092.0306885447944,-1256,2416,1846757.12,-4442.24,2244.8295975441097,-6744,-404,24747559.84,14420.08,586.7244168317292,13288,16088,208281231.5,-68.295,593.2774974,-1444,3329,354882.505,100.33,214.45738727023107,-377,1105,55828.12,-194.395,121.87318961417917,-758,395,52568.225,6710.8133333333335,1
-300.84,1043.9695091717965,-1764,1592,1174927.68,-3056.96,2791.2141336881523,-8632,-404,17096926.4,14626.92,797.1252580271965,12408,16088,214579020.3,-267.62,849.6780564413735,-3358,3329,789963.5,40.08,294.51128686427666,-1209,1105,87909.62,-259.985,252.32790498311087,-1532,417,130943.225,6233.08,1
62.18,992.9446626653361,-1764,1504,984875.76,-5909,3721.7012752113174,-10616,-480,48698086.08,13559,1296.1034607254633,11192,15584,185517965.8,-313.96,952.1890137939787,-3358,4342,1000701.48,-17.595,273.0274545346095,-1356,620,74480.855,-215.31,355.0787072491232,-1532,1765,171808.88,6796.38,1
563.42,441.11387515501184,-176,2320,511050.64,-7474.88,1671.8453036079566,-10616,-4308,58654922.4,13303.3,946.8965388448634,11192,14876,177869920.9,-91.335,778.2659004698656,-1569,4342,611011.405,-15.97,256.8725493959326,-1356,453,65908.63,-159.11,281.11597045387003,-998,1765,103947.05,7115.1866666666665,1
1487.54,1163.6617428008412,-176,3532,3560113.36,-5785.78,825.3229071736272,-6836,-4308,34153002.32,14087.56,353.9968009394674,13188,14876,198584033.9,-210.71,423.1404080498849,-1569,1358,222551.27,-31.675,215.02415284458783,-824,560,47007.515,-211.02,127.0445638586325,-998,142,60589.06,7121.493333333333,1
2004.46,907.9635772917558,-956,5108,4838135.76,-4041.5,2538.4400365372976,-6780,4092,22745181.68,14406.82,634.8555548133661,12392,15988,207957488.9,-142.14,2055.155451553544,-9318,14007,4222749.39,56.96,786.7389588336995,-3614,4352,619107.84,-162.445,1160.2808605470311,-7371,6633,1365908.795,6943.26,1
1135.46,751.8926126146756,-956,5108,1851785.2,-2611.08,2134.348738205968,-6780,4092,11350406.08,14824.92,603.1652137,12392,15988,220140242.2,-105.95,2056.6906646235716,-9318,14007,4220052.01,57.475,783.9417405893062,-3614,4352,614795.205,-166.745,1162.5319577279129,-7371,6633,1372527.045,6316.153333333334,1
947.14,283.8466221828668,372,1728,977240.24,-2486.8,174.34489009867076,-2988,-1676,6214418.4,15034.66,207.74444196134138,14440,15956,226083943.3,-223.365,339.1259853575417,-1887,1461,164323.325,-15.55,175.94005231910742,-1050,461,31041.93,-221.22,131.89028331977627,-609,217,66246.36,6156.2,1
1544.18,587.4791796588738,520,2696,2727898,-1171.96,2661.8714840102507,-3732,4832,8423622.24,14945.52,302.2075056685589,14164,16004,223459440.8,-83.12,734.5748270138394,-2110,4318,543811.11,0.165,250.14132241775752,-1093,968,62257.855,-218.75,175.2577642205845,-684,853,78413.27,6429.806666666666,1
1613.6,527.0824980958815,180,2696,2880131.84,2551.56,3332.439582988918,-3732,5384,17560086.24,14605.48,377.0159075859589,13932,16004,213461476.3,-192.385,1044.306274,-7134,4318,1122134.705,42.68,244.92769438629625,-1129,968,61511.21,-246.855,272.0357721,-2839,853,134570.835,6738.1866666666665,1
1712.3,619.6009008885554,180,3000,3313957.04,1226.14,3766.537220520705,-3308,5384,15619287.92,14650.12,367.6379932356717,13932,15604,214760497.9,-399.4,897.6777073825875,-7134,1062,961316.5,17.135,236.30809200434433,-1140,920,55855.915,-222.24,266.92718672903175,-2839,672,120284.49,6686.346666666666,1
2019.02,433.3849932355862,812,3000,4263325.2,-2626.18,593.3577798212237,-3452,348,7247134.48,14917.96,273.32782312540445,13536,15604,222619865.1,-296.01,630.9345783,-4811,1668,483709.97,16.685,245.62842341010673,-1140,1049,60310.045,-184.32,187.73521286842745,-1127,672,69042.15,6522.213333333333,1
1367.9,554.7977222040606,72,2516,2177411.92,-2893.08,539.5892292118209,-3680,-828,8659612.64,14927.78,336.21677560913736,13536,16204,222951092.2,-219.055,644.6634056,-2922,2431,461498.045,28.28,292.7571096,-1470,1277,86077.95,-208.785,249.42077376781324,-1699,732,105490.845,6396.253333333333,1
788.74,251.90508781350894,72,1548,685249.68,-3221.56,774.4189239350648,-5148,-828,10975174.88,14914.06,342.6794748924464,14088,16204,222546027.8,-220.205,633.9545843751358,-2922,2431,448379.165,7.815,292.0555305754344,-1470,1277,84931.025,-222.6,265.4630353092082,-1699,732,119669.03,6308.12,1
569.94,203.96865558784162,-140,1084,366226.8,-4577.52,1323.4154418620003,-6420,-2224,22696360.64,14531.28,472.01511942396945,12524,15660,211379782.7,-252.34,562.2596857,-2471,1639,378230.75,21.255,188.05011086404573,-483,811,35637.805,-231.04,205.27226288407243,-1229,361,95305.5,6560.046666666667,1
353.42,514.5615722712798,-2800,1080,388355.44,-4747.42,2169.8589592679928,-7056,3200,27222743.12,14363.82,549.0383439392716,12524,16584,206619260.9,-52.75,1057.7479763190452,-2234,6608,1116019.19,59.84,366.73792814447006,-1015,1995,137405.05,-217.29,300.7512134003935,-1294,916,137213.98,6604.06,1
-394.94,822.7673345692394,-2800,1080,829538.96,524.1,4750.985855905601,-7056,5652,22733688.08,14426.18,513.8366551,13464,16584,208377377.4,30.325,1085.5640866878994,-2287,6608,1173476.745,38.11,402.39386427982504,-1015,1995,162563.59,-194.705,336.54185486411177,-1294,1312,150604.155,6570.113333333334,1
-859.4,280.5323725709771,-2096,-324,816873.28,5088.18,577.4078686978304,2164,5752,26221308.56,14259.96,259.23055530554285,13648,15580,203413323.7,-159.105,543.1977938016269,-2287,4330,318902.925,-7.74,197.209942,-974,1635,38757.21,-189.255,204.98145516070227,-831,1312,77624.765,6735.846666666666,1
-86.34,1124.4172245542895,-1208,8116,1265447.12,4029,2523.412182982822,-1716,5752,22568612,14432.08,550.8698590484328,13624,16624,208586873.4,-313.66,916.7797225607102,-8672,3356,934665.23,-70.625,555.1476551061431,-4206,2143,311635.865,-218.24,242.5423806928612,-2271,832,106161.37,6570.033333333334,1
1326,1276.0713579391881,-1208,8116,3378492.32,328.5,3255.6425652339067,-3308,5596,10654124.72,14807.68,544.8818392,13560,16624,219562798.7,-322.93,1001.0205270512135,-8672,3356,1101315.67,-86.735,588.8562329554238,-4206,2143,352540.865,-218.375,267.0020315,-2271,832,118621.275,6386.82,1
2382.54,405.13570950433126,1400,2956,5839811.12,-1843.78,602.7336316763557,-3308,-680,3760996.08,14966.94,266.0512597,13560,15744,224079722.3,-240.56,517.9611909949281,-2506,1558,324811.49,-20.385,224.45829099631166,-1044,1161,50545.165,-197.085,135.23735982509533,-822,279,57040.195,6397.753333333333,1
2780.94,407.334165,2224,4700,7898718.8,-1893.72,520.4229451,-4184,-496,3855661.28,14957.52,345.335391,13092,17208,223846064.8,-286,523.1166554181575,-3823,1374,354078.78,-22.365,290.50405298204527,-1942,1076,84470.835,-203.56,141.18930020529996,-1015,154,61271.42,6544.06,1
3005.36,523.9656193,1808,4700,9305356,-3407,1334.712993069801,-5452,-496,13380200.48,14633.04,487.1745618034071,13092,17208,214362012,-267.48,668.7139984016271,-3823,2923,516488.07,7.86,334.55993806910595,-1942,1076,111432.48,-170.58,220.36544248408376,-1015,1012,77415.66,7015.133333333333,1
2783.4,554.0928572652438,240,4128,8052799.36,-4728.3,1053.5367141396644,-7164,-2116,23461210.8,14338.42,558.6130559982091,13156,16820,205900776.4,-230.615,1039.7530711760849,-4537,3813,1128864.295,38.09,351.8231795,-1887,1161,124611.5,-135.825,507.3259033759078,-1882,2327,274541.105,7283.373333333333,1
2350.42,336.9483857705314,240,3212,5637440.72,-2680.5,3065.2950000262504,-7276,1788,16534133.52,14597.52,667.5548795,13156,16820,213530991.5,-28.37,1074.235894,-4537,3813,1149017.7,19.705,362.11258691602404,-1887,1742,130858.185,-180.625,580.7489657166033,-1882,3980,368208.405,6795.24,1
2221.24,147.39460044793373,1572,2648,4955523.68,705.98,2342.566285853634,-7276,2552,5958586.48,14928.12,376.74189823995846,13312,15772,222989991.5,3.39,613.8523858862906,-1243,2606,374942.17,20.035,215.92862159314492,-776,1742,46793.445,-209.33,334.43508372497445,-1304,3980,155106.64,6392.06,1
2152.96,325.918938,620,3456,4740928.8,1117.56,1683.009975994344,-2632,3868,4067300.32,15000.72,281.04750506009213,14036,16980,225100193.3,-263.47,1036.3026367207467,-6388,5986,1137969.98,13.85,282.6817510236716,-1274,1805,79701.25,-267.02,438.9490756970293,-3915,512,263012.59,6363.466666666666,1
2406.52,716.8420202597293,620,3952,6302631.68,-577.5,1764.272905313152,-2668,3868,3430601.84,14985.24,343.94258957654995,13648,16980,224675122.9,-315.615,1032.158370252069,-6388,5986,1159636.975,-37.145,369.41929708706544,-2172,1805,137168.015,-232.795,452.2275331,-3915,512,257680.705,6349.34,1
2768.46,730.5292831692917,1704,3952,8195375.44,-2032.16,922.5148795084949,-3396,-388,4976452.8,14911.06,342.3898222081942,13648,16960,222456355,-208.035,526.3998554464755,-1843,4191,318989.885,-20.83,326.0641196923601,-2172,2078,106220.11,-154.055,136.2232942800996,-894,396,42196.945,6570.56,1
2525.38,999.1112913296054,1036,4560,7370776.4,-3196.68,1608.803025,-8248,-668,12794068.96,14709.28,771.6431346,8716,16728,216955374.1,-276.285,1684.785745671863,-10545,5631,2900643.895,-20.035,882.1443060283796,-3528,4084,774689.085,-176.665,540.1376641711643,-3092,2147,321500.475,6810.446666666667,1
3259.3,916.8876730685856,860,8044,11459516.08,-4113.34,1288.5431157730152,-8248,1856,18571607.6,14512.34,1186.6772513596409,8716,17520,212009174.2,-371.86,3765.778714560267,-16338,12853,14248463.74,-24.015,1632.0337883162929,-6196,5207,2650793.335,-170.715,1052.8198334871545,-4026,3272,1132031.065,7304.033333333334,1
3379.88,1296.252466878828,-1008,8044,13095457.92,-3643.34,1944.981110964847,-8144,1856,17037963.12,14610.2,1701.8773081098698,9120,22908,216339848.5,-250.22,6032.000814050302,-16338,18088,36265718.7,-23.555,2629.3906524116856,-10002,6095,6879681.565,-265.85,1526.0176298236738,-6571,3272,2387762.38,7241.18,1
2832.9,1327.6051018780636,-1008,7732,9779045.04,-2979.16,1974.2338083545858,-8144,2180,12753505.44,14744.08,1506.541473,9120,22908,219646213.9,-162.975,5206.127407,-13758,18088,26994804.62,22.27,2434.3037755089827,-10002,6095,5896701.65,-287.29,1297.4179482968525,-6571,2938,1757412.41,6884.126666666667,1
2472.72,671.5624035855103,888,5724,6563085.28,-3138.76,1313.1007387671189,-6780,2180,11567426.72,14721.78,626.7061148352226,11800,17000,217121603.1,-292.65,1873.6124400144456,-8298,7995,3578515.48,25.82,1021.7706070676221,-6351,5767,1039461.77,-219.095,483.3747944759567,-4169,2032,280485.555,6788.833333333333,1
2667.26,274.23588203401624,2068,3836,7189105.2,-3734.7,754.6263277095239,-6560,268,14514597.68,14622.24,645.1821155387487,10368,16348,214224081.3,-180.685,3036.6194351192116,-16802,9666,9207599.375,-13.57,460.1396828558622,-1780,2068,210854.03,-222.235,372.1062821305292,-1100,1392,187159.165,7008.96,1
3094.68,605.2640252827748,2000,5164,9941557.12,-3669.4,985.9404612,-6560,268,14431714.56,14504.44,1024.272717296026,7868,16444,211422668.6,-167.695,3889.290597103615,-16802,9666,15079070.06,-19.405,994.0412420667708,-5220,4036,983553.955,-206.855,562.0351694,-2479,1392,357093.105,7090.4,1
3437.8,1444.1638710451666,-512,9596,13893650.08,-3493.52,1394.8947870483541,-7840,2164,14140684.8,14426.62,1929.869674460431,6768,22580,211833139.6,-120.55,3911.4866774205166,-12480,14166,15237761.69,67.195,2100.068739476791,-8444,7199,4392752.435,-241.75,1163.7984281683127,-7027,3400,1406097.71,7132.193333333334,1
2345.72,1741.7166607204388,-512,9596,8520811.36,-2409.46,1598.6484330403327,-7840,2164,8348395.92,14744.1,1809.8501423290388,6768,22580,220647664.6,-155.75,3094.5256003068994,-12480,14166,9552466.31,69.43,1913.5168535563573,-8444,7199,3648059.54,-244.19,1086.146072290352,-7027,3400,1233443.48,6513.76,1
1434.7,463.56363773613197,168,3108,2272180.88,-1524.9,962.3876035659891,-4220,336,3246878.96,15028.62,642.4429627616837,12876,16924,226270088.4,-221.335,1739.6277897901177,-10322,5630,3060162.505,-6.495,343.2190796827756,-1333,1120,117252.525,-206.39,263.1078803141728,-1548,885,111476.46,5997.193333333334,1
1873.86,1763.890121921163,-5628,19304,6607103.12,-2345.7,1505.0340419195452,-7504,1400,7756110.32,14778.64,2609.0741827043303,-2968,30280,225181432,114.475,3079.3920546931886,-10547,12642,9448346.675,-77.76,2494.0124605073306,-17505,8840,6195044.28,-202.545,1506.1668869790494,-7072,15684,2298220.475,6385.506666666667,1
1989,1732.2280189246849,-5628,19304,6941731.84,-2809.48,1172.315241188827,-7504,1400,9260629.28,14757.1,2594.7440012765815,-2968,30280,224471033.4,71.025,3070.1807198662086,-10547,12642,9383924.155,-50.725,2500.1674354734746,-17505,8840,6222156.045,-211.84,1525.0006753108316,-7072,15684,2358875.11,6574.873333333333,1
1897.82,790.2346497136406,-1752,5748,4223069.2,-3025.62,1000.4067592834929,-8008,600,10150186,14748.14,1117.744273842878,9228,18988,218750739,-512.3,2160.219796,-10111,6439,4905668.11,62.665,1561.3977866050263,-7811,11280,2429700.135,-167.175,854.5333113907157,-5017,5621,754523.525,6575.166666666667,1
2376.68,844.1412261276197,-1752,5748,6357619.36,-3508.72,997.2590181827054,-8008,292,13300668.96,14575.76,1223.0792109184524,9228,18988,213941222.7,-416.535,2596.923697807885,-10111,10569,6883794.035,54.575,1585.7450302237735,-7811,11280,2504992.795,-158.815,867.3430003037319,-5017,5621,773744.665,6835.76,1
2569.78,941.5259033790139,-2328,6576,7485807.92,-3607.2,1278.3224559975224,-8148,1700,14637829.6,14565.6,1466.1255953384527,9784,24864,214295480,-72.02,3346.133900488742,-20077,10569,11145815.9,150.38,842.4207555,-2653,4030,728738.51,-198.425,716.8865993703495,-2681,3027,550729.245,6931.473333333333,1
1705.14,1151.6978510444928,-2328,6576,4227278.32,-2575.44,1564.4348784287001,-8148,1700,9068110.4,14793.54,1334.0560995640024,9784,24864,220619632.9,-115.225,2743.6850333421894,-20077,10167,7503445.325,140.06,748.3696627742229,-2146,4030,576873.67,-183.025,640.1270165848408,-2606,3027,441211.935,6374.346666666666,1
1541.72,780.5169795570654,716,3256,2983061.28,-2188.96,1094.1639052986036,-4328,-1116,5982754.56,14965.72,267.88447521329323,14216,15692,224044178.4,-195.5,445.93354170558916,-2359,2078,236082.69,-41.655,188.98497979453208,-1197,309,37271.885,-205.78,167.57268459720868,-879,425,70285.61,6232.133333333333,1
2170.84,657.4217452714648,772,3256,5142588.64,-3118.74,949.5130370022235,-4328,-1160,10623606.32,14782.1,295.28364695797836,13372,16064,218597236.9,-158.38,545.9038935,-2758,2078,321605.23,-8.64,268.6748616944515,-1197,1709,71899.9,-216.2,184.21821777119106,-879,425,80509.11,6690.56,1
1986.82,756.6792085974203,788,3436,4517154.32,-3437.16,814.6447105469417,-7216,-1312,12474396.64,14709.68,352.8268862463452,13164,16064,216498550.1,-178.285,1032.0605012138722,-4765,5462,1091608.675,36.395,382.04854985621415,-1578,2231,146555.885,-205.33,182.74347316641607,-921,665,75388.61,6711.22,1
1390.4,729.2916918896694,704,3436,2462419.2,-3305.18,672.1593251543565,-7216,-1924,11373754,14801.66,339.8559026600308,13164,16272,219204063.3,-236.225,990.6126800036023,-4765,5462,1032209.165,-20.425,363.6863113181482,-1578,2231,132023.575,-211.87,196.1597214,-1135,863,83175.14,6499.08,1
1313.12,450.94726162137755,488,2552,1926620.8,-3294.2,509.67495800173504,-5396,-1916,11110223.36,14851.34,335.12539376737584,12796,16272,220674047.3,-216.73,682.0441910114492,-6772,2267,509830.25,2.96,194.5460853,-943,844,37667.7,-206.405,188.14118769567096,-1135,865,77823.145,6486.22,1
1625.24,389.4746653825822,488,2552,2792337.12,-3587.02,432.3758829081509,-5396,-1916,13052726.64,14774.8,335.5153240364985,12796,16200,218406722.7,-177.105,682.9961733708293,-6772,2267,495517.535,36.3,172.7234406057075,-818,844,31001.91,-202.19,162.0809522287455,-917,865,67019.68,6662.3533333333335,1
1401.36,368.8117418202986,956,2212,2099151.84,-3373,277.8327467666103,-4096,-2988,11453934.08,14832.96,176.19232981440234,14380,15812,220047590.9,-166.32,215.4501833546161,-998,1378,73849.03,11.485,123.43810026887951,-818,781,15292.685,-202.43,70.21707261366114,-516,126,45883.69,6535.7733333333335,1
1236.62,334.6042072021613,644,2836,1640629.2,-3222.04,281.5620434675243,-4520,-2844,10460422.56,14863.38,179.47778967026707,13468,15320,220952116.2,-214.11,343.5203034676005,-3410,2180,163259.26,6.535,213.83671217160492,-1261,1335,45540.215,-203.79,86.49057171145809,-731,288,48973.58,6440.68,1
1361.82,719.5120398418549,-1772,4268,2369662.8,-3315.08,694.5446240335241,-5640,-1232,11469735.68,14781.98,625.1213989435056,11772,16768,218895755.6,-204.845,1300.4681186453843,-4975,7028,1724722.715,104.205,1046.8127327570637,-2489,6732,1101196.495,-146.165,565.9325632136108,-3017,2971,340042.475,6499.266666666666,1
1396.88,983.8110011735744,-2632,8512,2914318.4,-3150.54,1052.8676077251996,-6844,1356,11028889.84,14830.14,1117.4684870265862,8840,20624,221175544.6,-192.465,1990.6159645614305,-6299,9297,3979781.935,76.725,1525.420317519241,-4220,8822,2321159.335,-183.105,773.1325654724226,-3150,3455,628272.735,6495.52,1
1037.34,847.5595023063271,-2632,8512,1790839.6,-2572.38,921.0155284348307,-6844,1356,7461167.12,15001.58,952.3888313237145,8840,20624,225949911.8,-156.06,1635.3963103356007,-6299,9297,2685503.21,15.96,1203.7194193843575,-4220,8822,1441950.46,-238.97,546.2926665144217,-3150,3455,354050.16,6229.46,1
700.88,192.83660279336084,-528,2264,528232.8,-2180.48,175.54649658227748,-3608,-1372,4785155.52,15055.96,167.32575396423138,14208,16184,226709789.4,-153.455,534.6771232300179,-1281,6576,307998.665,45.565,419.57852239752026,-1510,3779,177242.075,-204.41,135.13526408006885,-1077,585,59953.68,5981.44,1
-78.14,906.0581256382926,-2588,3428,822942.48,-3183.3,1584.7039924599776,-8316,3824,12632129.2,14816.72,1418.3498521576325,9384,18732,221536849.3,-53.075,3521.858491699058,-11445,14176,12344286.76,41.37,1948.7037910947718,-6065,8523,3780170.71,-260.88,1226.6831757500963,-5024,2679,1565286.23,6258.2266666666665,1
-72.82,1147.9826166106354,-3044,3428,1316577.52,-2538.98,1550.5455546954852,-8316,3824,8838590,14889.98,1842.2311138901453,5948,20200,225088350.8,-201.9,3667.5556577252596,-11445,14176,13424473.29,47.005,2135.5044912468993,-7303,6921,4539787.005,-211.6,1427.0064178492382,-5024,3943,2070940.14,6133.886666666666,1
-639.92,991.9470694259415,-3056,3068,1388536.8,-2368.84,914.6182631219327,-6532,1020,6443746.88,14940.78,1518.5187544571818,5948,20200,225521276.7,-269.53,2342.274756357878,-8847,9354,5531466.2,-44.685,1704.3212226351648,-8004,6921,2892184.025,-211.375,1198.7061384705742,-4329,3943,1474391.315,6099.073333333334,1
-763.08,956.5644313,-3876,4808,1492731.52,-3047.94,1457.2798768932448,-8356,712,11402984.56,14681.4,2457.2781363117974,-2800,29568,221551530.7,-219.74,3163.704630229675,-11286,10966,10007267.52,-155.155,1970.325978941418,-14265,9798,3886846.615,-298.705,1285.9583243772622,-5164,4154,1734645.045,6271.82,1
-624.92,1094.0896464055675,-3876,4808,1581572,-2773.66,1633.6168598000927,-8356,916,10348550.32,14725.66,2471.1082705588033,-2800,29568,222920906.6,-218.365,3368.049839,-12604,10966,11334724.2,-63.05,1915.8499373416646,-14265,9798,3656103.88,-278.71,1396.711516815849,-5164,4477,2018728.31,6191.506666666667,1
-862.44,862.1391453411962,-3720,2760,1483370.24,-1972.78,972.8065969013956,-5052,916,4833481.84,14924.62,1085.4839439451944,9900,21132,223916666.2,-68.165,2048.3482321558213,-12604,9025,4179398.295,79.55,1181.8776252664773,-8722,6197,1396178.75,-197.455,876.4181948340535,-4699,4477,803256.785,5993.093333333333,1
-1219.02,1038.418704874467,-5168,4796,2558931.6,-1772,888.8397496188571,-5052,1280,3926069.92,14753.98,1604.1852295960934,5052,22448,220240469,-185.695,1574.845878069777,-9753,8222,2502221.475,-7.185,1881.4367627523868,-11403,8909,3522156.895,-190.13,735.4997365139299,-4257,3268,574404.48,5989.933333333333,1
-1223.64,1070.224825109849,-5168,4796,2636949.12,-1551.32,798.6562694826351,-4004,1280,3041256.32,14824.5,1521.4599144758247,5052,22448,222069066.3,-290.66,1862.310270097481,-9753,8905,3535341.78,16.875,1894.0682543497946,-11403,8909,3569841.845,-200.305,771.4645095026151,-4257,3268,632303.795,5948.74,1
-1028.86,557.5851562157666,-4148,2020,1367899.6,-2421.34,1065.701762,-4256,496,6992929.04,14898.7,753.7782820514678,9180,18612,222536602.5,-199.81,1420.2164757847488,-6896,8905,2046853.8,35.98,962.0321924428946,-4916,6887,922172.97,-211.995,411.28186055197654,-2946,1693,213248.885,6144.153333333334,1
-523.48,939.7681578734001,-1732,3920,1152779.68,-3143.44,1501.206057,-7800,2456,12123566.56,14767.66,861.1561962686324,11736,19204,218821663.9,-308.055,1955.5948090699428,-9141,9288,3900127.185,-6.4,1210.5306033754548,-8037,5577,1458098.38,-213.58,598.3637854169422,-2299,2751,401865.44,6329.966666666666,1
355.4,1124.8845211530152,-1732,3920,1385347.52,-3218.62,2345.8739005724356,-8036,2456,15835123.44,14679.02,1119.3118846306318,11736,19204,216720223,-399.43,3402.460322521287,-9141,16922,11678396.89,-0.745,1629.911022,-8037,5737,2643327.445,-211.245,946.9232191098955,-2638,3968,936804.715,6339.213333333333,1
369.92,1269.4694312128668,-1560,9840,1740335.68,-2866.2,2110.4201396473513,-8036,6908,12646706.24,14620.335,2331.795575474836,-1572,32767,219164279.8,-93.735,3607.117838423966,-10489,21640,12955028.86,-131.2,2631.8878544482022,-26670,5737,6909412.95,-226.2,1061.1236435659482,-6116,3968,1171519.91,6185.258333333333,1
48.58,1002.1041097781061,-1364,9840,1001551.6,-3081.82,1198.935795951589,-4880,6908,10927874.32,14688.215,2242.558346725306,-1572,32767,220747582.5,-30.73,2317.834541529992,-10489,21640,5346439.51,-152.235,2473.866245531252,-26670,5654,6112589.625,-253.23,923.5653587915688,-6116,3567,912833.54,6121.685,1
-239.24,505.23886822952295,-2128,2056,311225.76,-3583.24,413.2826577245644,-4880,-2540,13009557.44,14737.58,404.716097,13428,16808,217359240.4,-244.56,646.1884508174448,-4701,2730,475281.31,11.51,658.9932704912576,-6674,3675,432233.25,-233.73,535.5542539224876,-4698,2900,340013.98,6235.926666666666,1
-307.92,1235.265265024025,-6144,3372,1613065.6,-3246.46,1138.5513622239932,-8268,1636,11829320.24,14710.44,1290.7515657252213,6668,18584,218054754.4,-244,2024.4491576623502,-8948,7894,4137438.42,73.305,1600.2844194362615,-5517,7098,2553479.295,-182.53,968.2618832,-3513,3704,966160.62,6285.58,1
-200.72,1217.217835019454,-6144,3372,1514499.68,-3280.1,1138.3553639674067,-8268,1636,12048429.68,14741.72,1298.222891,6668,18584,218995264.3,-287.135,2020.7547688808688,-8948,7894,4145479.095,82.69,1604.732518577755,-5517,7098,2569128.26,-165.73,973.9571292,-3513,3704,971315.96,6279.1,1
-578.16,516.3419598,-1956,424,599544.96,-2967.08,1026.0348586945188,-4504,904,9851047.52,14843.5,306.15368755252655,13776,16200,220422753.7,-266.73,736.0133185789698,-3003,2082,610151.92,20.365,356.28266652664524,-1520,1637,126717.385,-201.91,321.8191881309227,-1546,1046,143817.4,6159.7,1
-688.56,365.78776612845627,-1956,-144,607246.56,-2721.68,936.7812193166137,-4504,904,8280713.28,14892.78,250.87383283236218,14228,15928,221857519.1,-206.345,769.3587135567051,-3003,3028,631531.525,-18.46,295.02017374168304,-996,1637,86942.49,-212.17,285.0911713468158,-1546,1046,125886.7,6115.78,1
-743.66,315.2396621986446,-1296,368,651909.36,-2894.24,355.30532188357944,-3688,-1748,8502235.84,14878.76,240.55693838053202,14228,15928,221435077.4,-174.965,456.28147860018146,-1793,3028,237764.575,8.86,197.00167180373708,-781,888,38694.11,-206.865,145.6263090393426,-802,382,63894.115,6173.446666666667,1
-1017.86,234.68687660423464,-1412,368,1090841.52,-2613.3,437.2575911348197,-3688,-1728,7019575.12,14898.54,186.4168032195946,14340,15352,222001071.6,-183.84,333.53532566631776,-1179,1455,144486.73,18.845,157.58705331295238,-633,888,25064.645,-208.625,133.7697879036178,-802,382,61329.275,6177.793333333333,1
-577.82,657.2835582759541,-1412,940,763737.52,-2043.88,913.2879832240801,-3944,1432,5007369.92,15005.2,221.77538548729927,14484,15832,225204965.4,-160.625,1493.6576247167125,-5442,9343,2245658.425,-24.665,349.2025125177992,-1836,1505,121941.045,-201.5,399.9628123416993,-1664,2627,199772.65,5949.913333333333,1
71.6,436.8552765657256,-1152,1220,195014.88,-1885.1,957.0082307738237,-3944,1432,4464887.44,15059.22,245.70757551063946,14356,15956,226840177.4,-143.36,1618.0976144377837,-5442,9343,2625700.78,1.26,400.0122390087383,-1836,1505,159211.33,-201.95,443.6484840354294,-1664,2627,236623.66,5770.7733333333335,1
-16.54,519.8255103455679,-3284,1220,269141.04,-1982.38,1051.3127355547913,-5036,2088,5029562.64,15021.56,535.4451174199315,11296,17788,225932532.8,-168.13,1658.2178521915125,-4926,7683,2764205.71,47.79,571.5457889305293,-2797,3955,327315.15,-194.66,540.8964032002569,-1954,3091,328998.59,5825.306666666666,1
-214.14,672.3259412340724,-5308,2284,495618,-2435.92,1102.745260314334,-5036,2088,7143673.12,14933.4,680.8291427429059,11296,17788,223467646.2,-199.785,1664.6103679722785,-6434,7683,2796987.085,64.1,861.0902812,-4389,5705,741877.9,-170.325,598.6626547950283,-1957,3091,385615.595,5960.286666666667,1
271.98,3066.5265964005857,-17608,8208,9430540.56,-2444.6,1497.6849002048152,-7476,3200,8207913.92,15117.235,3833.617796130575,3716,32767,243153936.3,-136.865,4994.658719612583,-27242,18290,24840614.68,75.1,3682.271367255618,-10204,13349,13496966.82,-218.49,2012.5767228173268,-6999,6893,4077950.62,6485.125,1
482.22,3462.825771420803,-17608,8748,12163742.64,-1810.66,1884.648258879755,-7576,5240,6812629.2,15473.585,5056.023875529527,-1572,32767,264867393.3,-248.52,6408.245248539348,-32768,18290,40922041.32,-195.745,4464.403350544929,-14247,13349,19869558.9,-451.005,2665.789851552104,-12953,8017,7274308.865,6607.288333333333,1
164.6,1737.5196900659382,-15016,8748,3030972.96,-1439.56,1567.1661094065178,-7576,5240,4516062.56,15328.21,3351.0731208384623,-1572,32767,246127564.4,-230.145,4561.170459848434,-32768,13579,20753221.31,-238.12,2632.2550902029798,-14247,12451,6950824.16,-423.105,1852.3208053153267,-12953,8017,3592954.745,5926.403333333334,1
114.44,254.79420486771448,-592,972,77692,-1281.04,1324.593150166245,-4972,3200,3386837.76,15077.4,327.19001594282076,14168,16252,227434508.8,-147.305,2914.9866220979557,-10097,12480,8476360.035,-11.44,504.85745677199964,-2909,1919,253737.52,-224.6,781.0392831407682,-3559,2951,657417.41,5587.053333333333,1
76.76,399.41794636620546,-1568,1540,164629.12,-1677.22,1786.8425512942033,-4972,2528,5989909.2,14997.2,549.7894708991413,12028,16896,225216765,-421.585,3304.4106770174517,-13029,8866,11042268.19,98.72,678.2686661770451,-2930,3415,467493.78,-209.94,860.9808047399507,-3559,2537,781656.31,5770.766666666666,1
31.32,1027.2664696163258,-5736,4428,1050980.96,-2288.4,1739.2126908229477,-5440,2528,8246511.04,14989.46,1136.2385748136137,11476,20096,225968494,-515.125,4045.8290960875675,-16651,11741,16552243.18,12.67,1171.7684916784767,-5529,5350,1366336.72,-231.73,1003.0772888151159,-4214,2465,1054832.02,6045.66,1
-64.02,1002.8514519976871,-5736,4428,1004781.04,-1942.14,1780.6021172343635,-5768,2316,6926598.96,15039.3,1117.5593966430265,11476,20096,227423238.8,-363.54,4279.410570693447,-17322,12432,18353949.39,-69.8,1107.427727147136,-5529,5350,1225136.23,-214.22,1046.486546526185,-4440,3939,1135548.63,5920.753333333333,1
-186.84,1205.7585507945075,-4156,7876,1481493.6,-1427.54,1671.0283622179138,-5768,2884,4816244.56,15117.24,1968.0566397046166,5908,26252,232384825.9,-337.84,4979.726373827277,-29367,17261,24787822.25,96.19,1791.730309339839,-9502,11662,3203498.53,-178.975,1210.558168686606,-6816,3939,1490155.875,5866.34,1
